page,clicks,impressions,ctr,position
https://mainedispensaryguide.com/blog/cannabis-friendly-maine-travel,74,2097,0.03528850739151168,6.750119217930377
https://mainedispensaryguide.com/guides/bar-harbor-dispensary-guide,32,1762,0.018161180476730987,8.870034052213395
https://mainedispensaryguide.com/blog/best-maine-edibles-2026,20,362,0.055248618784530384,7.2845303867403315
https://mainedispensaryguide.com/guides/maine-cannabis-staffing-licensing,17,371,0.04582210242587601,9.566037735849056
https://mainedispensaryguide.com/blog/best-live-rosin-maine,15,629,0.02384737678855326,6.753577106518283
https://mainedispensaryguide.com/blog/maine-psilocybin-2026-guide,15,583,0.025728987993138937,5.492281303602058
https://mainedispensaryguide.com/guides/maine-cannabis-events-2026,15,254,0.05905511811023622,8.58267716535433
https://mainedispensaryguide.com/blog/best-maine-dispensaries-2026,14,382,0.03664921465968586,7.149214659685864
https://mainedispensaryguide.com/blog/best-cannabis-strains-maine-outdoor-2026,13,346,0.03757225433526012,8.566473988439306
https://mainedispensaryguide.com/guides/maine-cannabis-caregiver-guide,13,719,0.01808066759388039,8.479833101529902
https://mainedispensaryguide.com/guides/maine-cannabis-edibles-compliance,11,810,0.013580246913580247,6.95925925925926
https://mainedispensaryguide.com/guides/fryeburg-dispensary-guide,9,2144,0.004197761194029851,8.534514925373134
https://mainedispensaryguide.com/blog/recreational-cannabis-near-acadia,7,267,0.026217228464419477,7.1722846441947565
https://mainedispensaryguide.com/guides/maine-cannabis-delivery-rules,7,268,0.026119402985074626,7.317164179104478
https://mainedispensaryguide.com/guides/maine-cannabis-taxes-2026,7,493,0.014198782961460446,8.586206896551724
https://mainedispensaryguide.com/learn/cannabis-events-2026,7,47,0.14893617021276595,5.574468085106383
https://mainedispensaryguide.com/roi-calculator,7,356,0.019662921348314606,8.235955056179776
https://mainedispensaryguide.com/guides/limerick-dispensary-guide,6,618,0.009708737864077669,7.228155339805825
https://mainedispensaryguide.com/guides/maine-dispensary-costs,6,349,0.017191977077363897,19.35816618911175
https://mainedispensaryguide.com/guides/maine-dispensary-security,5,200,0.025,37.92
https://mainedispensaryguide.com/guides/maine-ocp-license-map,5,123,0.04065040650406504,9.43089430894309
https://mainedispensaryguide.com/,4,200,0.02,6.98
https://mainedispensaryguide.com/blog/autoflower-vs-feminized-maine-2026,4,150,0.02666666666666667,10.673333333333334
https://mainedispensaryguide.com/blog/maine-cannabis-delivery-business-guide-2026,4,141,0.028368794326241134,7.070921985815603
https://mainedispensaryguide.com/directory,4,40,0.1,15.375
https://mainedispensaryguide.com/find-a-dispensary,4,218,0.01834862385321101,11.84862385321101
https://mainedispensaryguide.com/guides/gray-dispensary-guide,4,864,0.004629629629629629,7.4282407407407405
https://mainedispensaryguide.com/guides/lincoln-dispensary-guide,4,631,0.006339144215530904,9.484944532488115
https://mainedispensaryguide.com/guides/maine-cannabis-funding-guide,4,307,0.013029315960912053,7.293159609120521
https://mainedispensaryguide.com/guides/maine-cannabis-real-estate,4,276,0.014492753623188406,7.282608695652174
https://mainedispensaryguide.com/guides/maine-cannabis-schedule-iii-dual-license-280e,4,176,0.022727272727272728,12.573863636363637
https://mainedispensaryguide.com/guides/maine-dispensary-license,4,703,0.005689900426742532,9.04267425320057
https://mainedispensaryguide.com/guides/maine-dispensary-packaging,4,118,0.03389830508474576,7.161016949152542
https://mainedispensaryguide.com/guides/raymond-dispensary-guide,4,681,0.005873715124816446,7.098384728340675
https://mainedispensaryguide.com/guides,3,137,0.021897810218978103,11.751824817518248
https://mainedispensaryguide.com/guides/buxton-dispensary-guide,3,609,0.0049261083743842365,7.725779967159277
https://mainedispensaryguide.com/guides/kennebunk-dispensary-guide,3,281,0.010676156583629894,9.793594306049823
https://mainedispensaryguide.com/guides/maine-cannabis-banking-solutions,3,131,0.022900763358778626,16.404580152671755
https://mainedispensaryguide.com/guides/maine-cannabis-marketing-compliance,3,588,0.00510204081632653,10.17687074829932
https://mainedispensaryguide.com/guides/maine-cannabis-sun-grown-caregiver-150-plants,3,257,0.011673151750972763,8.618677042801556
https://mainedispensaryguide.com/guides/maine-dispensary-hiring,3,168,0.017857142857142856,8.773809523809524
https://mainedispensaryguide.com/guides/windham-dispensary-guide,3,165,0.01818181818181818,10.454545454545455
https://mainedispensaryguide.com/affiliate-disclosure,2,31,0.06451612903225806,10.774193548387096
https://mainedispensaryguide.com/blog/maine-rso-guide,2,22,0.09090909090909091,3.3181818181818183
https://mainedispensaryguide.com/guides/above-all-greenery-dispensary,2,102,0.0196078431372549,10.068627450980392
https://mainedispensaryguide.com/guides/bridgton-dispensary-guide,2,447,0.0044742729306487695,9.445190156599553
https://mainedispensaryguide.com/guides/greenville-dispensary-guide,2,88,0.022727272727272728,7.909090909090909
https://mainedispensaryguide.com/guides/hiram-dispensary-guide,2,33,0.06060606060606061,10.575757575757576
https://mainedispensaryguide.com/guides/machias-dispensary-guide,2,45,0.044444444444444446,5.133333333333334
https://mainedispensaryguide.com/guides/maine-cannabis-site-selection,2,50,0.04,14.88
https://mainedispensaryguide.com/guides/naples-dispensary-guide,2,213,0.009389671361502348,8.68075117370892
https://mainedispensaryguide.com/guides/ogunquit-dispensary-guide,2,536,0.0037313432835820895,10.73134328358209
https://mainedispensaryguide.com/guides/old-orchard-beach-dispensary-guide,2,331,0.006042296072507553,9.930513595166163
https://mainedispensaryguide.com/guides/parsonsfield-dispensary-guide,2,169,0.011834319526627219,9.254437869822485
https://mainedispensaryguide.com/guides/sebago-dispensary-guide,2,89,0.02247191011235955,8.292134831460675
https://mainedispensaryguide.com/guides/white-mountain-craft-cannabis,2,296,0.006756756756756757,6.949324324324325
https://mainedispensaryguide.com/learn,2,257,0.007782101167315175,9.182879377431906
https://mainedispensaryguide.com/blog/buying-cannabis-by-effect-2026,1,47,0.02127659574468085,11.76595744680851
https://mainedispensaryguide.com/blog/cheapest-maine-dispensary-2026,1,43,0.023255813953488372,7.069767441860465
https://mainedispensaryguide.com/blog/maine-cannabis-budtender-careers,1,245,0.004081632653061225,8.289795918367346
https://mainedispensaryguide.com/blog/maine-cannabis-gray-market-ocp-enforcement-2026,1,30,0.03333333333333333,6.5
https://mainedispensaryguide.com/blog/maine-dispensary-business-for-sale,1,63,0.015873015873015872,9.333333333333334
https://mainedispensaryguide.com/blog/maine-dispensary-gift-cards,1,258,0.003875968992248062,8.54263565891473
https://mainedispensaryguide.com/blog/portland-maine-cannabis-rules-2026,1,257,0.0038910505836575876,7.801556420233463
https://mainedispensaryguide.com/blog/terpene-preservation-drying-curing-2026,1,289,0.0034602076124567475,7.422145328719723
https://mainedispensaryguide.com/guides/420-mules-bar-harbor,1,80,0.0125,10.2375
https://mainedispensaryguide.com/guides/augusta-dispensary-guide,1,68,0.014705882352941176,12.647058823529411
https://mainedispensaryguide.com/guides/baring-dispensary-guide,1,28,0.03571428571428571,6.892857142857143
https://mainedispensaryguide.com/guides/bayside-bud-shack,1,64,0.015625,7.4375
https://mainedispensaryguide.com/guides/biddeford-dispensary-guide,1,39,0.02564102564102564,12.153846153846153
https://mainedispensaryguide.com/guides/boothbay-dispensary-guide,1,13,0.07692307692307693,8
https://mainedispensaryguide.com/guides/brownfield-dispensary-guide,1,114,0.008771929824561403,7.552631578947368
https://mainedispensaryguide.com/guides/cannabis-microdosing-anxiety-maine,1,14,0.07142857142857142,17.857142857142858
https://mainedispensaryguide.com/guides/casco-dispensary-guide,1,363,0.0027548209366391185,7.9476584022038566
https://mainedispensaryguide.com/guides/columbia-dispensary-guide,1,18,0.05555555555555555,6.333333333333333
https://mainedispensaryguide.com/guides/cornish-dispensary-guide,1,65,0.015384615384615385,13
https://mainedispensaryguide.com/guides/dexter-dispensary-guide,1,18,0.05555555555555555,7.055555555555555
https://mainedispensaryguide.com/guides/dover-foxcroft-dispensary-guide,1,37,0.02702702702702703,8.162162162162161
https://mainedispensaryguide.com/guides/ellsworth-dispensary-guide,1,25,0.04,9.04
https://mainedispensaryguide.com/guides/healing-community-medco-gardiner,1,41,0.024390243902439025,9.536585365853659
https://mainedispensaryguide.com/guides/landrace-cannabis-casco,1,84,0.011904761904761904,7.559523809523809
https://mainedispensaryguide.com/guides/lifted-cannabis-maine,1,111,0.009009009009009009,7.612612612612613
https://mainedispensaryguide.com/guides/maine-cannabis-business-transfer,1,15,0.06666666666666667,10.866666666666667
https://mainedispensaryguide.com/guides/maine-cannabis-opt-in-tracker,1,68,0.014705882352941176,6.485294117647059
https://mainedispensaryguide.com/guides/maine-cannabis-regulations,1,271,0.0036900369003690036,11.062730627306273
https://mainedispensaryguide.com/guides/maine-cannabis-school-buffer,1,23,0.043478260869565216,4.695652173913043
https://mainedispensaryguide.com/guides/maine-cannabis-wholesale-guide,1,25,0.04,8.08
https://mainedispensaryguide.com/guides/maine-dispensary-pos,1,119,0.008403361344537815,17.294117647058822
https://mainedispensaryguide.com/guides/maine-metrc-compliance-guide,1,140,0.007142857142857143,12.607142857142858
https://mainedispensaryguide.com/guides/newry-dispensary-guide,1,6,0.16666666666666666,18.5
https://mainedispensaryguide.com/guides/norway-dispensary-guide,1,64,0.015625,7.890625
https://mainedispensaryguide.com/guides/porter-dispensary-guide,1,92,0.010869565217391304,9.076086956521738
https://mainedispensaryguide.com/guides/portland-dispensary-guide,1,56,0.017857142857142856,7.857142857142857
https://mainedispensaryguide.com/guides/standish-dispensary-guide,1,136,0.007352941176470588,9.294117647058824
https://mainedispensaryguide.com/guides/stratton-dispensary-guide,1,14,0.07142857142857142,9.071428571428571
https://mainedispensaryguide.com/guides/the-glass-cook-fryeburg,1,95,0.010526315789473684,8.621052631578948
https://mainedispensaryguide.com/guides/york-dispensary-guide,1,116,0.008620689655172414,12.551724137931034
https://mainedispensaryguide.com/market-pulse-2026,1,57,0.017543859649122806,6.280701754385965
https://mainedispensaryguide.com/market-stats,1,487,0.002053388090349076,6.0657084188911705
https://mainedispensaryguide.com/about,0,16,0,5.0625
https://mainedispensaryguide.com/about/authors,0,1,0,6
https://mainedispensaryguide.com/about/corrections,0,27,0,17.48148148148148
https://mainedispensaryguide.com/about/editorial-policy,0,4,0,13
https://mainedispensaryguide.com/about/our-team,0,16,0,73
https://mainedispensaryguide.com/accessibility,0,1,0,10
https://mainedispensaryguide.com/advertising,0,3,0,9
https://mainedispensaryguide.com/all-guides,0,9,0,31.11111111111111
https://mainedispensaryguide.com/blog,0,4,0,7
https://mainedispensaryguide.com/blog/cannabis-clones-vs-seeds-maine-2026,0,113,0,11.29203539823009
https://mainedispensaryguide.com/blog/cannabis-terpenes-explained-maine-2026,0,2,0,46.5
https://mainedispensaryguide.com/blog/drying-cannabis-maine-humidity-2026,0,20,0,12.55
https://mainedispensaryguide.com/blog/how-to-read-maine-cannabis-coa-terpenes-2026,0,2,0,10
https://mainedispensaryguide.com/blog/ibogaine-federal-executive-order-maine-2026,0,10,0,6.8
https://mainedispensaryguide.com/blog/indoor-cannabis-grow-setup-maine-cost-2026,0,53,0,23.20754716981132
https://mainedispensaryguide.com/blog/maine-cannabis-microbusiness-license-2026,0,6,0,5.333333333333333
https://mainedispensaryguide.com/blog/maine-cannabis-social-equity-program-2026,0,9,0,4.666666666666666
https://mainedispensaryguide.com/blog/maine-dispensary-how-to-open,0,473,0,10.241014799154334
https://mainedispensaryguide.com/blog/maine-dispensary-roi-what-to-expect-2026,0,23,0,3.9565217391304346
https://mainedispensaryguide.com/blog/maine-home-grow-cannabis-guide-2026,0,40,0,15.025
https://mainedispensaryguide.com/blog/maine-medical-cannabis-patient-grow-guide,0,1,0,3
https://mainedispensaryguide.com/blog/maine-medical-cannabis-pesticide-advisory-2026,0,40,0,7.35
https://mainedispensaryguide.com/blog/maine-medical-marijuana-patient-guide,0,35,0,7.457142857142857
https://mainedispensaryguide.com/blog/maine-medical-patient-delivery-services-2026,0,32,0,7.46875
https://mainedispensaryguide.com/blog/when-to-start-cannabis-seeds-maine-2026,0,9,0,19.88888888888889
https://mainedispensaryguide.com/cite/roi-calculator-22b398,0,1,0,2
https://mainedispensaryguide.com/contact,0,12,0,5
https://mainedispensaryguide.com/contribute,0,24,0,4.625
https://mainedispensaryguide.com/cookies,0,1,0,4
https://mainedispensaryguide.com/download-checklist,0,2,0,6
https://mainedispensaryguide.com/download/compliance-self-assessment,0,4,0,14.25
https://mainedispensaryguide.com/download/first-timer-field-guide,0,5,0,42.8
https://mainedispensaryguide.com/download/founders-bible,0,11,0,33.09090909090909
https://mainedispensaryguide.com/download/metrc-reconciliation-checklist,0,1,0,49
https://mainedispensaryguide.com/for-journalists,0,4,0,13.5
https://mainedispensaryguide.com/founders,0,1,0,6
https://mainedispensaryguide.com/founders/maine-cannabis-founder-coastal-shop,0,2,0,5.5
https://mainedispensaryguide.com/founders/maine-cannabis-founder-portland-flagship,0,4,0,8.75
https://mainedispensaryguide.com/founders/maine-cannabis-founder-rural-cultivator,0,2,0,10
https://mainedispensaryguide.com/glossary,0,91,0,9.131868131868131
https://mainedispensaryguide.com/guides/alfred-dispensary-guide,0,8,0,7
https://mainedispensaryguide.com/guides/arundel-dispensary-guide,0,12,0,21.5
https://mainedispensaryguide.com/guides/auburn-dispensary-guide/,0,3,0,9.666666666666666
https://mainedispensaryguide.com/guides/baldwin-dispensary-guide,0,24,0,15.25
https://mainedispensaryguide.com/guides/bangor-dispensary-guide,0,34,0,14.441176470588236
https://mainedispensaryguide.com/guides/bath-dispensary-guide,0,2,0,7
https://mainedispensaryguide.com/guides/belfast-dispensary-guide,0,7,0,10.285714285714286
https://mainedispensaryguide.com/guides/berwick-dispensary-guide,0,6,0,9.333333333333334
https://mainedispensaryguide.com/guides/bethel-dispensary-guide,0,15,0,9.733333333333333
https://mainedispensaryguide.com/guides/brewer-dispensary-guide,0,1,0,4
https://mainedispensaryguide.com/guides/brunswick-dispensary-guide,0,8,0,8
https://mainedispensaryguide.com/guides/bucksport-dispensary-guide,0,5,0,9.4
https://mainedispensaryguide.com/guides/calais-dispensary-guide,0,29,0,6.758620689655173
https://mainedispensaryguide.com/guides/camden-dispensary-guide,0,3,0,10
https://mainedispensaryguide.com/guides/cannabis-coa-maine-how-to-read,0,5,0,5.6
https://mainedispensaryguide.com/guides/cannabis-edible-dose-calculator-maine,0,5,0,63.4
https://mainedispensaryguide.com/guides/cannabis-terpenes-effects-maine,0,57,0,7.4035087719298245
https://mainedispensaryguide.com/guides/cannabis-tinctures-sublingual-maine,0,5,0,7.2
https://mainedispensaryguide.com/guides/cannabis-topicals-maine,0,1,0,9
https://mainedispensaryguide.com/guides/carrabassett-valley-dispensary-guide,0,11,0,6.909090909090909
https://mainedispensaryguide.com/guides/central-western-maine-cannabis-guide,0,2,0,7.5
https://mainedispensaryguide.com/guides/chelsea-dispensary-guide,0,4,0,5.5
https://mainedispensaryguide.com/guides/damariscotta-dispensary-guide,0,6,0,9.166666666666666
https://mainedispensaryguide.com/guides/denmark-dispensary-guide,0,14,0,5.857142857142857
https://mainedispensaryguide.com/guides/detroit-dispensary-guide,0,1,0,7
https://mainedispensaryguide.com/guides/downeast-acadia-aroostook-cannabis-guide,0,16,0,7.4375
https://mainedispensaryguide.com/guides/eclipse-cannabis-company,0,121,0,5.867768595041323
https://mainedispensaryguide.com/guides/eliot-dispensary-guide,0,2,0,9.5
https://mainedispensaryguide.com/guides/faq/,0,4,0,27
https://mainedispensaryguide.com/guides/farmington-dispensary-guide,0,17,0,7.764705882352941
https://mainedispensaryguide.com/guides/first-time-maine-dispensary-buyer,0,5,0,7.4
https://mainedispensaryguide.com/guides/founding-farmers-dispensary,0,26,0,7.730769230769231
https://mainedispensaryguide.com/guides/freedom-dispensary-guide,0,130,0,9.523076923076923
https://mainedispensaryguide.com/guides/freeport-dispensary-guide,0,13,0,9.076923076923077
https://mainedispensaryguide.com/guides/gardiner-dispensary-guide,0,380,0,9.697368421052632
https://mainedispensaryguide.com/guides/great-atlantic-puffin-company,0,70,0,7.8
https://mainedispensaryguide.com/guides/greater-portland-sebago-lakes-cannabis-guide,0,7,0,12.428571428571429
https://mainedispensaryguide.com/guides/guilford-dispensary-guide,0,24,0,6.916666666666667
https://mainedispensaryguide.com/guides/harrison-dispensary-guide,0,4,0,9.25
https://mainedispensaryguide.com/guides/hidden-greens-dispensary,0,91,0,7.857142857142857
https://mainedispensaryguide.com/guides/high-road-gray,0,44,0,7.568181818181818
https://mainedispensaryguide.com/guides/hollis-dispensary-guide,0,6,0,9
https://mainedispensaryguide.com/guides/houlton-dispensary-guide,0,9,0,7.666666666666667
https://mainedispensaryguide.com/guides/just-baked-maine-lincoln,0,38,0,8
https://mainedispensaryguide.com/guides/kennebunkport-dispensary-guide,0,17,0,7.823529411764706
https://mainedispensaryguide.com/guides/kittery-dispensary-guide,0,70,0,10.128571428571428
https://mainedispensaryguide.com/guides/lakewood-cannabis,0,16,0,7.9375
https://mainedispensaryguide.com/guides/lebanon-dispensary-guide,0,2,0,8
https://mainedispensaryguide.com/guides/lewiston-dispensary-guide,0,1,0,8
https://mainedispensaryguide.com/guides/limington-dispensary-guide,0,64,0,11.15625
https://mainedispensaryguide.com/guides/lisbon-dispensary-guide,0,22,0,8.09090909090909
https://mainedispensaryguide.com/guides/lovell-dispensary-guide,0,7,0,9.428571428571429
https://mainedispensaryguide.com/guides/lyman-dispensary-guide,0,28,0,7.785714285714286
https://mainedispensaryguide.com/guides/maine-cannabis-2026-operator-cost-update,0,136,0,7.955882352941177
https://mainedispensaryguide.com/guides/maine-cannabis-280e-guide/,0,2,0,9
https://mainedispensaryguide.com/guides/maine-cannabis-caregiver-trade-show-sales,0,90,0,9.433333333333334
https://mainedispensaryguide.com/guides/maine-cannabis-commercial-lease-guide,0,8,0,7
https://mainedispensaryguide.com/guides/maine-cannabis-conditional-license,0,4,0,7.5
https://mainedispensaryguide.com/guides/maine-cannabis-cultivation-guide,0,29,0,7.517241379310345
https://mainedispensaryguide.com/guides/maine-cannabis-inventory-management,0,159,0,24.79874213836478
https://mainedispensaryguide.com/guides/maine-cannabis-license-denied,0,13,0,6.461538461538462
https://mainedispensaryguide.com/guides/maine-cannabis-market,0,5,0,17.2
https://mainedispensaryguide.com/guides/maine-cannabis-pos-comparison,0,31,0,20.451612903225808
https://mainedispensaryguide.com/guides/maine-cannabis-product-testing-guide,0,31,0,5.967741935483871
https://mainedispensaryguide.com/guides/maine-cannabis-taxation-280e,0,2,0,9
https://mainedispensaryguide.com/guides/maine-cannabis-vendor-directory,0,7,0,5.714285714285714
https://mainedispensaryguide.com/guides/maine-cannabis-vertical-integration,0,3,0,8.666666666666668
https://mainedispensaryguide.com/guides/maine-cannabis-vertical-integration/,0,31,0,6.419354838709677
https://mainedispensaryguide.com/guides/maine-cannabis-waste-management,0,40,0,6.525
https://mainedispensaryguide.com/guides/maine-cannabis-workers-comp-insurance,0,4,0,29.25
https://mainedispensaryguide.com/guides/maine-cannabis-zoning-requirements,0,26,0,9.423076923076923
https://mainedispensaryguide.com/guides/maine-conditional-use-permit,0,13,0,5.538461538461538
https://mainedispensaryguide.com/guides/maine-dispensary-business-plan,0,50,0,24.98
https://mainedispensaryguide.com/guides/maine-dispensary-locations,0,2,0,46
https://mainedispensaryguide.com/guides/maine-municipal-approval-checklist,0,19,0,11.210526315789474
https://mainedispensaryguide.com/guides/manchester-dispensary-guide,0,2,0,6.5
https://mainedispensaryguide.com/guides/mechanic-falls-dispensary-guide,0,2,0,6.5
https://mainedispensaryguide.com/guides/medway-dispensary-guide,0,10,0,9.2
https://mainedispensaryguide.com/guides/midcoast-waldo-northern-maine-cannabis-guide,0,3,0,10
https://mainedispensaryguide.com/guides/millinocket-dispensary-guide,0,15,0,7.2
https://mainedispensaryguide.com/guides/milo-dispensary-guide,0,44,0,6.090909090909091
https://mainedispensaryguide.com/guides/newport-dispensary-guide,0,89,0,10.606741573033707
https://mainedispensaryguide.com/guides/northport-dispensary-guide,0,9,0,7.888888888888889
https://mainedispensaryguide.com/guides/orono-dispensary-guide,0,8,0,6.375
https://mainedispensaryguide.com/guides/oxford-dispensary-guide,0,8,0,9.375
https://mainedispensaryguide.com/guides/peru-dispensary-guide,0,11,0,9.727272727272727
https://mainedispensaryguide.com/guides/poland-dispensary-guide,0,7,0,8.857142857142858
https://mainedispensaryguide.com/guides/portland-maine-cannabis,0,5,0,12.8
https://mainedispensaryguide.com/guides/presque-isle-dispensary-guide,0,9,0,7
https://mainedispensaryguide.com/guides/rockland-dispensary-guide,0,6,0,7
https://mainedispensaryguide.com/guides/rome-dispensary-guide,0,34,0,6.617647058823529
https://mainedispensaryguide.com/guides/saco-dispensary-guide,0,34,0,20.558823529411764
https://mainedispensaryguide.com/guides/sanford-dispensary-guide,0,5,0,5.6
https://mainedispensaryguide.com/guides/scarborough-dispensary-guide,0,3,0,5.666666666666667
https://mainedispensaryguide.com/guides/sebago-lakes-region-dispensary-guide,0,43,0,10.046511627906977
https://mainedispensaryguide.com/guides/skowhegan-dispensary-guide,0,47,0,9.48936170212766
https://mainedispensaryguide.com/guides/solon-dispensary-guide,0,13,0,7.384615384615385
https://mainedispensaryguide.com/guides/somerville-dispensary-guide,0,39,0,9.58974358974359
https://mainedispensaryguide.com/guides/south-portland-dispensary-guide,0,41,0,12.853658536585366
https://mainedispensaryguide.com/guides/southern-maine-york-county-cannabis-guide,0,5,0,9
https://mainedispensaryguide.com/guides/southwest-harbor-dispensary-guide,0,2,0,4
https://mainedispensaryguide.com/guides/thomaston-dispensary-guide,0,4,0,8.5
https://mainedispensaryguide.com/guides/turner-dispensary-guide,0,8,0,7.625
https://mainedispensaryguide.com/guides/warren-dispensary-guide,0,5,0,8.2
https://mainedispensaryguide.com/guides/waterboro-dispensary-guide,0,16,0,7.8125
https://mainedispensaryguide.com/guides/waterville-dispensary-guide,0,2,0,8
https://mainedispensaryguide.com/guides/wells-dispensary-guide,0,356,0,10.00561797752809
https://mainedispensaryguide.com/guides/west-paris-dispensary-guide,0,151,0,8.933774834437086
https://mainedispensaryguide.com/guides/westbrook-dispensary-guide,0,2,0,9
https://mainedispensaryguide.com/guides/western-maine-lakes-dispensary-guide,0,31,0,8.580645161290324
https://mainedispensaryguide.com/guides/winslow-dispensary-guide,0,10,0,13.8
https://mainedispensaryguide.com/guides/wiscasset-dispensary-guide,0,5,0,8
https://mainedispensaryguide.com/guides/woolwich-dispensary-guide,0,2,0,9.5
https://mainedispensaryguide.com/images/heroes/cannabis-friendly-maine-travel.jpg,0,4,0,4.5
https://mainedispensaryguide.com/images/heroes/maine-sun-grown-caregiver-hero.jpg,0,1,0,6
https://mainedispensaryguide.com/images/infographics/startup-costs.jpg,0,7,0,4.428571428571429
https://mainedispensaryguide.com/images/infographics/zoning-requirements.jpg,0,5,0,5.8
https://mainedispensaryguide.com/launch-checklist,0,63,0,12.34920634920635
https://mainedispensaryguide.com/newsletter,0,8,0,12.875
https://mainedispensaryguide.com/privacy,0,9,0,7.444444444444445
https://mainedispensaryguide.com/resources,0,8,0,14.875
https://mainedispensaryguide.com/resources/maine-cannabis-education,0,54,0,18.62962962962963
https://mainedispensaryguide.com/resources/maine-cannabis-official-resources,0,98,0,30.112244897959183
https://mainedispensaryguide.com/site-health,0,13,0,16.23076923076923
https://mainedispensaryguide.com/start-here,0,16,0,12
https://mainedispensaryguide.com/terms,0,1,0,8
